,id,category,labels,link
0,679b31ef871c0fc8dbee0045,commit,documentation -> generating api specification,https://github.com/madskristensen/ImagePreview/commit/be2304421e6d089d20735a0d8047c6acc5bede34
1,679b50a1871c0fc8dbee2cd4,commit,software quality -> testing -> generating tests,https://github.com/avoidwork/tiny-lru/commit/1c3964401f46ec8c4a28d9588ee48cafa330dc76
2,679b5c31871c0fc8dbee39be,commit,software quality -> refactoring,https://github.com/unit-mesh/choco-builder/commit/700e6c1a2b279d4ddc2c779292a1f0962e44e6f7
3,679b6888871c0fc8dbee4a42,commit,software quality -> testing -> generating tests,https://github.com/avoidwork/keysort/commit/a4812331276f7ff58e0a37f2b26a8f7f50ff8db5
4,679ba363871c0fc8dbee9d56,commit,feature implementation/enhancement -> feature enhancement -> user experience -> gui-related improvements,https://github.com/towry/nvim/commit/5fb68d1ef4b4791b85994c070c1c7e4932bb7275
5,679bf811871c0fc8dbef1104,commit,software quality -> refactoring,https://github.com/deathbeam/dotfiles/commit/d657fd6e1d0903718253d7bcc7504f02eb963538
6,679c07e8871c0fc8dbef2cc7,commit,documentation -> generating code comments,https://github.com/skyra-project/haste-server/commit/f20c53f8894e99a4da16b9594a92bd4de3acd247
7,679c1e11871c0fc8dbef43d6,commit,"documentation -> generating code comments,software quality",https://github.com/sysbio-curie/Neko/commit/7d46b0c043414ab04597e8afdac6c3d52a67faee
8,679c203e871c0fc8dbef46d4,commit,"documentation -> generating api specification,documentation -> improving writing",https://github.com/guardian360/InfoSec-Agent/commit/0de83e8a36f6b5bbf0d5978f9aa09dd9dda4a12b
9,679c2309871c0fc8dbef4f49,commit,feature implementation/enhancement -> feature enhancement -> user experience -> gui-related improvements,https://github.com/concrete-utopia/utopia/commit/15fbbdc54cfb5637807e1524318acff940002848
10,679c2309871c0fc8dbef5238,commit,feature implementation/enhancement -> feature enhancement -> upgrade to latest version of a library,https://github.com/majorsilence/My-FyiReporting/commit/919725ada6b5417796aa11028a37411c7eb098ba
11,679c2dfe871c0fc8dbef5c17,commit,software quality -> fixing -> performance-related,https://github.com/gexijin/idepGolem/commit/56a7c35ed177dda2fbb8e9e51073aa3161836195
12,679c4d8e871c0fc8dbef8de7,commit,software quality -> testing -> generating tests,https://github.com/moonbitlang/core/commit/f5968b99c6a30cbb6596495fdfff33359bf83c6a
13,679c4d8e871c0fc8dbef8de9,commit,software quality -> testing -> generating tests,https://github.com/moonbitlang/core/commit/b320192c022b28ca0108f8a70de3351fa642946f
14,679c4d8e871c0fc8dbef8dea,commit,software quality -> testing -> generating tests,https://github.com/moonbitlang/core/commit/3bb84e34a7683f96e0d47a2e44dbcfbbfa0223e3
15,679c4d8e871c0fc8dbef8def,commit,software quality -> testing -> generating tests,https://github.com/moonbitlang/core/commit/fe4a7b727027cbe168bfbf85667180d3c61f2f26
16,679c57b7871c0fc8dbef9651,commit,feature implementation/enhancement -> feature enhancement -> user experience,https://github.com/nf-core/tools/commit/b96f56b15d24431fb97382bed7715bccfafd21df
17,679c7617871c0fc8dbefc1c4,commit,feature implementation/enhancement -> feature enhancement -> user experience -> gui-related improvements,https://github.com/YuukiPS/Grasscutters-Original/commit/e5b3d65916a08875dcb389f91d39418595ed7e34
18,679c832e871c0fc8dbefd3aa,commit,feature implementation/enhancement -> feature enhancement,https://github.com/xelis-project/xelis-genesix-wallet/commit/1ffd88e7957f0b1a9c20fde328c9e35bc750c8d1
19,679c85e4871c0fc8dbefda43,commit,documentation -> generating api specification,https://github.com/pyiron/executorlib/commit/e88903988077d7e63953f96160e914e4e0e4bb50
20,679c85e4871c0fc8dbefda57,commit,documentation -> generating code comments,https://github.com/pyiron/pyiron_base/commit/8d85e1ea1cf35230582c50540da5b494054e1dbb
21,679c9482871c0fc8dbefefbb,commit,software quality -> testing -> generating tests,https://github.com/holtwick/zeed/commit/9384699922dfd69f15dbb192480f30a9851639fc
22,679c9482871c0fc8dbeff0a3,commit,feature implementation/enhancement -> implementing a new feature,https://github.com/umbraco/Umbraco-CMS/commit/e25641534a8f106205108d12a49ba6191ee4edd9
23,679c9ce9871c0fc8dbeff342,commit,software quality -> refactoring,https://github.com/hossain-khan/android-keep-alive/commit/dc3181add75eeffd2214ffa7b31d2063700a482a
24,679c9e10871c0fc8dbeff777,commit,documentation -> generating readme,https://github.com/OfficeDev/teams-toolkit/commit/0449b1213a6ad110bb62cd2b066c34b6a1770c86
25,679cadb0871c0fc8dbf00d01,commit,development environment -> setting/implementing a new configuration file,https://github.com/mlcommons/GaNDLF/commit/6dcb5358f42cfd3a399ad9740b29392cb459bd16
26,679cbc60871c0fc8dbf02368,commit,feature implementation/enhancement -> prototyping -> implementing proof of concept,https://github.com/dbartholomae/lambda-middleware/commit/1ac1d01730716b5f98c8de1403f1c450873cab77
27,679cbd19871c0fc8dbf026f5,commit,documentation -> generating code comments,https://github.com/Mapsui/Mapsui/commit/bb9033dee3454d8fb9f717c0e96bd77687b1a9ec
28,679cd431871c0fc8dbf03e7d,commit,software quality -> code review,https://github.com/davelosert/vitest-coverage-report-action/commit/405f05618063162477049be8950f1428769500f7
29,679cd541871c0fc8dbf041dc,commit,software quality -> code review,https://github.com/material-extensions/vscode-material-icon-theme/commit/f9e4b39790cf01f2487e2ffb7aae0afa028baf54
30,679cdaba871c0fc8dbf04ff1,commit,documentation -> improving writing,https://github.com/tanganke/fusion_bench/commit/318c4bd499cc75fee63aceaf1f114c3101a57d7c
31,679ce31b871c0fc8dbf05332,commit,documentation -> improving writing,https://github.com/goat-community/goat/commit/d57d0142fd97cd08356a2aed88527b237a84d9bc
32,679ce31b871c0fc8dbf05334,commit,documentation -> improving writing,https://github.com/goat-community/goat/commit/5ba38b404ae50144c3a12bac62250e255baebc5c
33,679ce31b871c0fc8dbf05335,commit,documentation -> improving writing,https://github.com/goat-community/goat/commit/258a7b427234701d89afd3e0d9dcae12ff453c9e
34,679ce31b871c0fc8dbf05537,commit,development environment -> continuous integration -> implementing/fixing jobs/actions,https://github.com/satisfactory-factories/application/commit/80048cdc59464169931ac9a68b0731014183f50c
35,679ce3e5871c0fc8dbf05611,commit,software quality -> fixing -> functional bugs,https://github.com/mcanouil/quarto-wizard/commit/fe4a285d3fb2dd2a8e141a9fa5e4bdbcbdb16d24
36,679ce3e5871c0fc8dbf056a0,commit,feature implementation/enhancement -> feature enhancement -> user experience -> gui-related improvements,https://github.com/arduino/lab-micropython-installer/commit/c65346faa153828e06adc00986be8157cf8dbae1
37,679ce3e5871c0fc8dbf057b0,commit,feature implementation/enhancement -> feature enhancement,https://github.com/rooch-network/rooch/commit/836ebd71f39e48f9a74e9bb9ce41795e04af525b
38,679ce4b3871c0fc8dbf058fd,commit,documentation -> generating code comments,https://github.com/nasa/ogma/commit/743eacc84b1fba41f6746cfd30c5e3656c2654be
39,679ce4b3871c0fc8dbf05940,commit,documentation -> improving writing,https://github.com/bgpkit/bgpkit-parser/commit/fb8cf933742095ffb28ed8fb8e66a67ea619e244
40,679ce5db871c0fc8dbf05a2e,commit,feature implementation/enhancement -> implementing a new feature,https://github.com/tud-phi/jax-soft-robot-modelling/commit/4ec93027653528c03b0917a239f6c32d3f375218
41,679ce69f871c0fc8dbf05e2c,commit,documentation,https://github.com/satisfactory-factories/application/commit/e1ad4049ff84b7d68daa7c95f230d9ce1314f147
42,679ce77d871c0fc8dbf05fde,commit,documentation -> improving writing,https://github.com/github/docs/commit/d353009f77179bb909fbd10d7c2636f4f825d029
43,679ce77d871c0fc8dbf060dd,commit,documentation -> improving writing,https://github.com/tanganke/fusion_bench/commit/bc4303be4c9b6d134042507c46a9b5a351b74222
44,679ce898871c0fc8dbf063a4,commit,software quality -> testing -> fixing tests,https://github.com/satisfactory-factories/application/commit/3fc5cc08bb727d7a0be3941b2df459559e23a47d
45,679ce898871c0fc8dbf064c7,commit,feature implementation/enhancement -> implementing a new feature,https://github.com/stackernews/stacker.news/commit/7f11792111616e48208066c0ed3bcc3cc085df9a
46,679cf091871c0fc8dbf06696,commit,feature implementation/enhancement -> feature enhancement -> user experience -> gui-related improvements,https://github.com/boostcampwm-2024/web15-OctoDocs/commit/4c4a402de5e012fc94b483765b8c6c5b7e6a506a
47,679cf091871c0fc8dbf066e2,commit,feature implementation/enhancement -> feature enhancement -> user experience,https://github.com/activepieces/activepieces/commit/d5be86c632c2a63319485f92f100734aaa8f0636
48,679cf199871c0fc8dbf06939,commit,process -> automating commit/issue/PR creation,https://github.com/argoproj-labs/gitops-promoter/commit/2309b39cd119ab54c94ae66d90ab8da3cee07e3a
49,679cf199871c0fc8dbf06a05,commit,software quality -> refactoring,https://github.com/microsoft/autogen/commit/d85a607da99a8447d704cec8fa27a9d79f766a6e
50,679cf199871c0fc8dbf06a38,commit,documentation -> generating readme,https://github.com/microsoft/Data-and-AI-Platform/commit/80f57c78e3b90f91f3af1ba8ca6c50c9dfeac037
51,679cf293871c0fc8dbf06b48,commit,documentation -> improving writing,https://github.com/MicrosoftDocs/windows-dev-docs/commit/d6e9b1d49c4ea202760fa65da8c00a83fcae2f9f
52,679cf293871c0fc8dbf06cc0,commit,"feature implementation/enhancement -> feature enhancement,process -> automating commit/issue/PR creation -> creating commit/issue/PR description",https://github.com/scverse/spatialdata-io/commit/914d2b78b60c6a15a1f4409d225a7cdb037184b7
53,679cf321871c0fc8dbf06d4b,commit,"feature implementation/enhancement -> implementing a new feature,software quality -> refactoring",https://github.com/microsoft/autogen/commit/c5c3444bcee6190664de6922be2f2ed71ce9b6e2
54,679cf3df871c0fc8dbf06efd,commit,documentation -> generating readme,https://github.com/eventflow/EventFlow/commit/c621ae75f6180fce7c31b50ec6635f0bd8ebcd57
55,679cf3df871c0fc8dbf07048,commit,feature implementation/enhancement -> feature enhancement -> user experience -> gui-related improvements,https://github.com/microsoft/terraform-provider-fabric/commit/f9dab87c8ddd03e7335af377f4953804bd7f7b44
56,679cf4c2871c0fc8dbf0724a,commit,documentation -> improving writing,https://github.com/BOINC/boinc/commit/f3d5782f836585cdb4f9a0394a0c87761e7c5924
57,679cf5b6871c0fc8dbf074db,commit,process -> automating commit/issue/PR creation -> creating commit/issue/PR description,https://github.com/microsoft/autogen/commit/c9ebe32bd78745eec8a8407769a367b95d4c3135
58,679cf675871c0fc8dbf074f3,commit,documentation -> generating user guide,https://github.com/github/docs/commit/8e1ac36734469595d945296d6fd77087ee40ad19
59,679cf675871c0fc8dbf075f8,commit,"documentation,feature implementation/enhancement -> feature enhancement,process -> automating commit/issue/PR creation -> creating commit/issue/PR description",https://github.com/Azure/Azure-Landing-Zones/commit/4f345fa87717d771d1b5d65ee9487dad579106db
60,679cf675871c0fc8dbf07624,commit,software quality -> fixing -> functional bugs,https://github.com/microsoft/vscode-python-environments/commit/3c64417ce7e928fa2295b10a1c3e43afa532e830
61,679cf675871c0fc8dbf0767a,commit,software quality -> code review,https://github.com/LawnchairLauncher/lawnchair/commit/ad697f6144c3b52fcd2a9f6f21f35287f61b5207
62,679cf675871c0fc8dbf07686,commit,"documentation -> generating readme,feature implementation/enhancement -> implementing a new feature",https://github.com/microsoft/teams-agent-accelerator-libs-py/commit/bb8193eaa97875fac25efaba1ab35d445dded92b
63,679cf675871c0fc8dbf076d5,commit,software quality -> refactoring,https://github.com/xpadev-net/niconicomments-convert/commit/8b12ee151001036683c8b223ae39d02e6a517956
64,679cf6f4871c0fc8dbf07772,commit,documentation -> generating contributions info,https://github.com/trillek-team/tec/commit/87a9cd1fd463ddd162ab469593843c5ab1748a87
65,679cfe91871c0fc8dbf078e3,commit,software quality -> refactoring,https://github.com/Azure-Samples/dream-team/commit/8c9436bca31773914cfa6de208120bb99b439960
66,679cfe91871c0fc8dbf07988,commit,software quality -> fixing -> functional bugs,https://github.com/satisfactory-factories/application/commit/db51e895d30e3f49f1347b936cf10e702f31207c
67,679cfe91871c0fc8dbf07a7c,commit,software quality -> refactoring,https://github.com/dkast/biztro/commit/38377fc2c140d1882432044210607f67edee2133
68,679cfe91871c0fc8dbf07a8b,commit,development environment -> continuous integration -> implementing/fixing jobs/actions,https://github.com/lablup/backend.ai/commit/ed4241b60e11f4abefb7b295aa42fb007181690b
69,679cffa6871c0fc8dbf07c82,commit,feature implementation/enhancement -> feature enhancement,https://github.com/microsoft/go-crypto-winnative/commit/804906ffa2db1854b3c994eed41d881eb080ab53
70,679cffa6871c0fc8dbf07cdf,commit,documentation -> improving writing,https://github.com/microsoft/Power-CAT-Copilot-Studio-Kit/commit/5ef4d9d8ccb36d61cd33ab626748b21313afbdf1
71,679cffa6871c0fc8dbf07d7f,commit,software quality -> refactoring,https://github.com/microsoft/teams-agent-accelerator-libs-py/commit/8ac8981c289b85b269479fca7f7d8663eb0413eb
72,679d00c9871c0fc8dbf07ff1,commit,documentation -> improving writing,https://github.com/tanganke/fusion_bench/commit/85135e00538d7bdcc59320e08a157dc5c76f8d5a
73,679d0179871c0fc8dbf080c8,commit,software quality -> refactoring,https://github.com/Azure/Azure-Landing-Zones/commit/a611807d58e01362b1694ba2cfbf65e25ab34690
74,679d0179871c0fc8dbf08106,commit,feature implementation/enhancement -> implementing a new feature,https://github.com/microsoft/teams-agent-accelerator-libs-py/commit/f2800b560731fc2ab669d335c7c92f293338344b
75,679d0179871c0fc8dbf08124,commit,documentation -> improving writing,https://github.com/travisbhartwell/mycmd/commit/3d81d9e88e2e0f858e088ffb99ea79745f181b95
76,679d0232871c0fc8dbf082a7,commit,documentation -> generating readme,https://github.com/xming521/WeClone/commit/c2251e48e3e28997e273332ae3749a1c2d1953ec
77,679d0232871c0fc8dbf08433,commit,documentation -> improving writing,https://github.com/nodejs/nodejs.org/commit/56cdefb6961ea66e4f9a5f11ff61f6254471fde1
78,679d0344871c0fc8dbf084f6,commit,"development environment -> setting/implementing a new configuration file,documentation -> generating readme",https://github.com/nodejs-loaders/nodejs-loaders/commit/e7367e46108772bf811c68fac2a1ef9343d590ab
79,679d03ec871c0fc8dbf08836,commit,feature implementation/enhancement -> feature enhancement,https://github.com/Azure/aaz-dev-tools/commit/556564ac33781c13b65b6533053f6ae33ff0469c
80,679d0db0871c0fc8dbf08f6a,commit,software quality -> refactoring,https://github.com/microsoft/FluidFramework/commit/0630c3946cba67ab77adaf9159f809ef113e8f7e
81,679d0db0871c0fc8dbf08fa9,commit,feature implementation/enhancement -> implementing a new feature,https://github.com/lnccbrown/HSSM/commit/8fd9584efba480104be65225776877f53e125992
82,679d0db0871c0fc8dbf08fb2,commit,process -> automating commit/issue/PR creation -> creating commit/issue/PR description,https://github.com/microsoft/FluidFramework/commit/2c3514dfd02b3c0cb926089f3f0b18e3722ec341
83,679d0db0871c0fc8dbf0904c,commit,feature implementation/enhancement -> feature enhancement,https://github.com/rooch-network/rooch/commit/d2083a6cd3cc4386535cb2eaed9555433282455e
84,679d10ae871c0fc8dbf097ee,commit,feature implementation/enhancement -> implementing a new feature,https://github.com/microsoft/FluidFramework/commit/e70347986c823316e6a4b3981f0dcff47aee709b
85,679d10ae871c0fc8dbf09a28,commit,process -> automating commit/issue/PR creation -> creating commit/issue/PR description,https://github.com/microsoft/azure-devops-extension-tasks/commit/5b11e86abe044ec15270ac87f13b1a42f2136117
86,679d10ae871c0fc8dbf09a65,commit,process -> automating commit/issue/PR creation -> creating commit/issue/PR description,https://github.com/microsoft/AzureTRE/commit/97debdc23783e76ce04d6bd230e54713b2fa1f72
87,679d10ae871c0fc8dbf09a6c,commit,documentation -> generating user guide,https://github.com/github/docs/commit/0f5fe3c6ad358cedc18bc383446738f23e03f29c
88,679d11d3871c0fc8dbf09c05,commit,software quality -> fixing,https://github.com/RalphHightower/EOL-RalphHightower/commit/5410cd84311f5fe22a8ff91a199557a22543fb66
89,679d11d3871c0fc8dbf09c3a,commit,software quality -> fixing -> functional bugs,https://github.com/nathan-gs/ha-map-card/commit/6a4a189693ec2b74a848deae96c9c2ccf310aeaf
90,679d11d3871c0fc8dbf09c6b,commit,feature implementation/enhancement -> feature enhancement -> user experience -> gui-related improvements,https://github.com/dotnet/maui/commit/a0ea0bc3a5c611216d7f4e2d4cd3b11a2aff66d4
91,679d1291871c0fc8dbf09f73,commit,feature implementation/enhancement -> implementing a new feature,https://github.com/langflow-ai/langflow/commit/18acd304a7b08e52571a02de8d7ea390410e093b
92,679d1291871c0fc8dbf0a031,commit,documentation -> generating readme,https://github.com/github/auto-check-element/commit/ca09d3a31c10f261ad93fdcd706a0d7bc1dcf9b7
93,679d1291871c0fc8dbf0a051,commit,software quality -> refactoring,https://github.com/operaton/operaton/commit/52653be0f1a31eb595f47ec5f806cc8192d6ed68
94,679d1291871c0fc8dbf0a07c,commit,software quality -> code review,https://github.com/onetimesecret/onetimesecret/commit/037c4bb8b6d0f9bad66ae099a0cbb685f28c9e3e
95,679d1bb8871c0fc8dbf0a282,commit,documentation -> improving writing,https://github.com/VCCE/VCC/commit/377de47f4d89a34c4e794e3169af4cf3f0dacd4b
96,679d1bb8871c0fc8dbf0a335,commit,documentation,https://github.com/github/docs/commit/0619ee4b5888774b17c9f083b9ae04593ad2d9c7
97,679d1cce871c0fc8dbf0a5d1,commit,feature implementation/enhancement -> implementing a new feature,https://github.com/dotCMS/core/commit/b7bfa0d8f512c97819c07173cbc6ade69239e9cf
98,679d1cce871c0fc8dbf0a697,commit,software quality -> fixing -> functional bugs,https://github.com/debs-obrien/playwright-movies-app/commit/c560a7ebaeffaf874a5ff295cc899ed668ec01e5
99,679d1cce871c0fc8dbf0a698,commit,software quality -> testing -> fixing tests,https://github.com/debs-obrien/playwright-movies-app/commit/c405b1eccedac2eb227cd6b7b0a6a4ecc97ba770
100,679d1cce871c0fc8dbf0a737,commit,documentation -> generating api specification,https://github.com/dotnet/aspnetcore/commit/a7c124aaf9bebc6969ed91e0daf7928ef67d3e1f
101,679d1cce871c0fc8dbf0a799,commit,feature implementation/enhancement -> implementing a new feature,https://github.com/golang-fips/openssl/commit/bf655f6d08d6c7e8a0d531f96653a637c13d76e6
102,679d1cce871c0fc8dbf0a883,commit,software quality -> fixing -> functional bugs,https://github.com/microsoft/FluidFramework/commit/b947c9c2b95b419772c08fa7ce7cba2d83ddfdaa
103,679d1dda871c0fc8dbf0aa30,commit,documentation,https://github.com/github/docs/commit/9d03e0157e20b70c247bf32c789c7fefdba8436f
104,679d1e95871c0fc8dbf0abfa,commit,"feature implementation/enhancement -> implementing a new feature,software quality -> refactoring",https://github.com/microsoft/RD-Agent/commit/7002dc4981a4f72096b438d2fe4fd9ff268c54f3
105,679d1e95871c0fc8dbf0ad2f,commit,software quality -> refactoring,https://github.com/xamarin/xamarin-macios/commit/d69bb0c368d5ef282d29c298be1215aae10b6038
106,679d2895871c0fc8dbf0b390,commit,documentation -> generating user guide,https://github.com/github/docs/commit/d3fbc0fa54e54f4ce6228083e0bea7b5ec706f01
107,679d2895871c0fc8dbf0b43c,commit,feature implementation/enhancement -> implementing a new feature,https://github.com/microsoft/onnxscript/commit/969c078b13044933437c479cc0b6bfeac0ce3d2b
108,679d2895871c0fc8dbf0b465,commit,software quality -> refactoring,https://github.com/NRG948/NRGRobot2025/commit/4073c1b5ce66e04c1a58965ba4efaf0ee8869498
109,679d2895871c0fc8dbf0b48a,commit,software quality -> refactoring,https://github.com/rollingrock/Fallout-4-VR-Body/commit/f74b86d9ccd3bb9be79ac8c7e7e38844a5d8871e
110,679d2895871c0fc8dbf0b4a4,commit,"documentation -> generating readme,software quality -> refactoring",https://github.com/github/docs/commit/62fbf68d160de3f6fb13878e35a574dab9fed8f5
111,679d298c871c0fc8dbf0b63d,commit,documentation -> improving writing,https://github.com/block/ftl/commit/43d4a96d60d25a00a774ec0ad8c818fb69b5cff1
112,679d298c871c0fc8dbf0b74f,commit,documentation -> improving writing,https://github.com/dkast/biztro/commit/b466e8e2edbcc41abe763984eb5f01bb73b644cb
113,679d298c871c0fc8dbf0b7bb,commit,process -> automating commit/issue/PR creation -> creating commit/issue/PR description,https://github.com/GradleUp/shadow/commit/1f543ed6791c87a2331233437e95e8875f1ecd8c
114,679d298c871c0fc8dbf0b7f0,commit,learning -> how to use a library/framework/tool -> generating code examples,https://github.com/Imageomics/pybioclip/commit/f2bc7f6fa9ac1d89596d35fbc5f7076b0a4858e1
115,679d2a8a871c0fc8dbf0b863,commit,feature implementation/enhancement -> implementing a new feature,https://github.com/xamarin/xamarin-macios/commit/d52838baf4e7b660a1f4fa1ae29c07dc0b9ae767
116,679d2a8a871c0fc8dbf0b937,commit,documentation -> generating readme,https://github.com/privateerproj/privateer/commit/5067a18224060b27c87818f8aeb2e224d7d46e74
117,679d2a8a871c0fc8dbf0b993,commit,process -> automating commit/issue/PR creation -> creating commit/issue/PR description,https://github.com/github/docs/commit/6a8ecfa8c8cd59506d873e66d065aef3c7bc5ee9
118,679d2c0d871c0fc8dbf0bf95,commit,software quality -> refactoring,https://github.com/microsoft/teams-agent-accelerator-libs-py/commit/a4b6610793e37f9dbe407084d9f6923cc3fc862e
119,679d2cef871c0fc8dbf0c06b,commit,feature implementation/enhancement -> feature enhancement,https://github.com/microsoft/teams-agent-accelerator-libs-py/commit/355ca4fb21a41df23bc080c6a8018788712a220b
120,67a694b3890bbdc42d35d646,commit,documentation -> improving writing,https://github.com/tenzir/tenzir/commit/8fc97e6cca41d65f4ffd8492623eae8687686ca8
121,67a694b3890bbdc42d35d64c,commit,documentation -> improving writing,https://github.com/tenzir/tenzir/commit/d7487f014f143fbc3ad935a95bcd628c7d85da1c
122,67a69700890bbdc42d35df33,commit,software quality -> fixing -> supporting debugging,https://github.com/eclipse-ee4j/glassfish/commit/7d657198e4fde648331bd441abb94726d2ad8ff8
123,679a8574e0d6d6d267a01fa7,issue,deployment,https://github.com/aws/copilot-cli/issues/5028
124,679a87a6e0d6d6d267a02891,issue,feature implementation/enhancement -> feature enhancement,https://github.com/OpenSourceFellows/amplify/issues/590
125,679a897fe0d6d6d267a02c7d,issue,development environment -> continuous integration -> implementing/fixing jobs/actions,https://github.com/OpenSourceFellows/amplify/issues/623
126,679a897fe0d6d6d267a02c81,issue,development environment -> continuous integration -> implementing/fixing jobs/actions,https://github.com/OpenSourceFellows/amplify/issues/626
127,679a8a71e0d6d6d267a03152,issue,development environment -> continuous integration -> implementing/fixing jobs/actions,https://github.com/paraspell/xcm-tools/issues/87
128,679a93a1e0d6d6d267a03300,issue,feature implementation/enhancement,https://github.com/ourjapanlife/findadoc-web/issues/331
129,679a948ee0d6d6d267a0357a,issue,process -> automating commit/issue/PR creation -> creating commit/issue/PR description,https://github.com/webpack/webpack.js.org/issues/7092
130,679a97e7e0d6d6d267a04396,issue,process -> automating commit/issue/PR creation,https://github.com/getsentry/sentry/issues/67566
131,679a9886e0d6d6d267a04506,issue,process -> automating commit/issue/PR creation -> creating commit/issue/PR description,https://github.com/getsentry/sentry/issues/67893
132,679a9886e0d6d6d267a04522,issue,process -> automating commit/issue/PR creation,https://github.com/getsentry/sentry/issues/67929
133,679a9886e0d6d6d267a04526,issue,process -> automating commit/issue/PR creation,https://github.com/getsentry/sentry/issues/67931
134,679a9886e0d6d6d267a04569,issue,process -> automating commit/issue/PR creation,https://github.com/getsentry/sentry/issues/67988
135,679a9886e0d6d6d267a0456a,issue,process -> automating commit/issue/PR creation,https://github.com/getsentry/sentry/issues/67989
136,679a9886e0d6d6d267a0456b,issue,process -> automating commit/issue/PR creation -> creating commit/issue/PR description,https://github.com/getsentry/sentry/issues/67990
137,679a9886e0d6d6d267a04583,issue,process -> automating commit/issue/PR creation,https://github.com/getsentry/sentry/issues/67994
138,679a9886e0d6d6d267a0458d,issue,process -> automating commit/issue/PR creation,https://github.com/getsentry/sentry/issues/67996
139,679a9886e0d6d6d267a04591,issue,development environment -> continuous integration,https://github.com/getsentry/sentry/issues/67999
140,679a9886e0d6d6d267a04593,issue,process -> automating commit/issue/PR creation,https://github.com/getsentry/sentry/issues/68001
141,679a9886e0d6d6d267a04594,issue,process -> automating commit/issue/PR creation,https://github.com/getsentry/sentry/issues/68002
142,679a9886e0d6d6d267a045ab,issue,process -> automating commit/issue/PR creation -> creating commit/issue/PR description,https://github.com/getsentry/sentry/issues/68023
143,679a9886e0d6d6d267a045ad,issue,process -> automating commit/issue/PR creation,https://github.com/getsentry/sentry/issues/68032
144,679a9886e0d6d6d267a04689,issue,process -> automating commit/issue/PR creation,https://github.com/getsentry/sentry/issues/68354
145,679aa1d1e0d6d6d267a046f5,issue,process -> automating commit/issue/PR creation,https://github.com/getsentry/sentry/issues/68446
146,679aa1d1e0d6d6d267a04766,issue,process -> automating commit/issue/PR creation,https://github.com/getsentry/sentry/issues/68669
147,679aa24de0d6d6d267a04a83,issue,process -> automating commit/issue/PR creation,https://github.com/getsentry/sentry/issues/69951
148,679aa24de0d6d6d267a04a8c,issue,process -> automating commit/issue/PR creation,https://github.com/getsentry/sentry/issues/69968
149,679aa2eae0d6d6d267a04b79,issue,process -> automating commit/issue/PR creation,https://github.com/getsentry/sentry/issues/70400
150,679aa2eae0d6d6d267a04b7c,issue,process -> automating commit/issue/PR creation,https://github.com/getsentry/sentry/issues/70404
151,679aa2eae0d6d6d267a04bd6,issue,development environment -> continuous integration -> implementing/fixing jobs/actions,https://github.com/OpenSourceFellows/amplify/issues/913
152,679aa2eae0d6d6d267a04c52,issue,process -> automating commit/issue/PR creation,https://github.com/getsentry/sentry/issues/70683
153,679aa2eae0d6d6d267a04c59,issue,process -> automating commit/issue/PR creation,https://github.com/getsentry/sentry/issues/70694
154,679aa2eae0d6d6d267a04c5f,issue,process -> automating commit/issue/PR creation,https://github.com/getsentry/sentry/issues/70703
155,679aa385e0d6d6d267a04e0f,issue,process -> automating commit/issue/PR creation -> creating commit/issue/PR description,https://github.com/sentry-demos/empower/issues/516
156,679aa385e0d6d6d267a04e15,issue,process -> automating commit/issue/PR creation,https://github.com/sentry-demos/empower/issues/519
157,679aa385e0d6d6d267a04e93,issue,process -> automating commit/issue/PR creation,https://github.com/sentry-demos/empower/issues/522
158,679aa4b8e0d6d6d267a05237,issue,"software quality -> fixing -> functional bugs,software quality -> fixing -> supporting debugging",https://github.com/microsoft/terraform-provider-power-platform/issues/332
159,679aa4b8e0d6d6d267a053d0,issue,software quality -> fixing -> supporting debugging,https://github.com/flutter/flutter/issues/150605
160,679ab035e0d6d6d267a05c22,issue,process -> automating commit/issue/PR creation -> creating commit/issue/PR description,https://github.com/shopware/shopware/issues/4077
161,679ab0efe0d6d6d267a05e66,issue,feature implementation/enhancement -> implementing a new feature,https://github.com/Azure-Samples/azure-search-openai-demo/issues/1935
162,679ab0efe0d6d6d267a05eb9,issue,process -> automating commit/issue/PR creation -> creating commit/issue/PR description,https://github.com/shopware/shopware/issues/4577
163,679ab0efe0d6d6d267a06081,issue,learning -> how to use a library/framework/tool,https://github.com/Shabinder/soundbound-extensions-lib/issues/32
164,679ab39fe0d6d6d267a067f0,issue,process -> automating commit/issue/PR creation -> creating commit/issue/PR description,https://github.com/getsentry/sentry/issues/78409
165,679ab47ee0d6d6d267a06c99,issue,process -> automating commit/issue/PR creation,https://github.com/HitaloM/PyKorone/issues/274
166,679abddde0d6d6d267a06de4,issue,development environment -> setting/implementing a new configuration file,https://github.com/microsoft/PTVS/issues/8037
167,679abddde0d6d6d267a06dfc,issue,process -> automating commit/issue/PR creation,https://github.com/HitaloM/PyKorone/issues/277
168,679abf69e0d6d6d267a07412,issue,software quality -> code review,https://github.com/ATOMScience-org/AMPL/issues/379
169,679abf69e0d6d6d267a07448,issue,documentation -> improving writing,https://github.com/ATOMScience-org/AMPL/issues/381
170,679abf69e0d6d6d267a0744f,issue,learning -> how to use a library/framework/tool,https://github.com/zhigangjiang/LGT-Net/issues/9
171,679abf69e0d6d6d267a07553,issue,learning -> how to use a library/framework/tool,https://github.com/microsoft/DMF/issues/259
172,679abf69e0d6d6d267a0757c,issue,software quality -> fixing -> functional bugs,https://github.com/microsoft/PowerToys/issues/35863
173,679ac006e0d6d6d267a076a5,issue,process -> automating commit/issue/PR creation,https://github.com/HitaloM/PyKorone/issues/281
174,679acd3ee0d6d6d267a08812,issue,process -> automating commit/issue/PR creation -> creating commit/issue/PR description,https://github.com/ntohq/buefy-next/issues/297
175,679acd3ee0d6d6d267a08833,issue,learning -> how to use a library/framework/tool,https://github.com/HashLoad/boss/issues/177
176,679aceeae0d6d6d267a08ead,issue,feature implementation/enhancement -> implementing a new feature,https://github.com/hoarder-app/hoarder/issues/805
177,679ad00ee0d6d6d267a092ae,issue,learning -> how to use a library/framework/tool,https://github.com/Kong/insomnia/issues/8298
178,679ad00ee0d6d6d267a092e4,issue,software quality -> testing -> generating tests,https://github.com/golang/vscode-go/issues/3665
259,679a9886e0d6d6d267a04507,issue,process -> automating commit/issue/PR creation,https://github.com/getsentry/sentry/issues/67894
260,679a9886e0d6d6d267a04521,issue,process -> automating commit/issue/PR creation,https://github.com/getsentry/sentry/issues/67928
261,679a9886e0d6d6d267a04525,issue,process -> automating commit/issue/PR creation,https://github.com/getsentry/sentry/issues/67930
262,679a9886e0d6d6d267a0453b,issue,process -> automating commit/issue/PR creation,https://github.com/getsentry/sentry/issues/67941
263,679a9886e0d6d6d267a04582,issue,process -> automating commit/issue/PR creation,https://github.com/getsentry/sentry/issues/67993
264,679a9886e0d6d6d267a04584,issue,process -> automating commit/issue/PR creation,https://github.com/getsentry/sentry/issues/67995
265,679a9886e0d6d6d267a0458f,issue,process -> automating commit/issue/PR creation,https://github.com/getsentry/sentry/issues/67997
266,679a9886e0d6d6d267a04590,issue,process -> automating commit/issue/PR creation,https://github.com/getsentry/sentry/issues/67998
267,679a9886e0d6d6d267a04592,issue,process -> automating commit/issue/PR creation,https://github.com/getsentry/sentry/issues/68000
268,679a9886e0d6d6d267a045d7,issue,process -> automating commit/issue/PR creation,https://github.com/getsentry/sentry/issues/68072
269,679aa24de0d6d6d267a04a8e,issue,process -> automating commit/issue/PR creation,https://github.com/getsentry/sentry/issues/69970
270,679aa24de0d6d6d267a04a91,issue,process -> automating commit/issue/PR creation,https://github.com/getsentry/sentry/issues/69985
271,679aa2eae0d6d6d267a04b7a,issue,process -> automating commit/issue/PR creation,https://github.com/getsentry/sentry/issues/70401
272,679aa2eae0d6d6d267a04c4a,issue,process -> automating commit/issue/PR creation,https://github.com/getsentry/sentry/issues/70662
273,679aa2eae0d6d6d267a04c4b,issue,process -> automating commit/issue/PR creation,https://github.com/getsentry/sentry/issues/70665
274,679aa2eae0d6d6d267a04c57,issue,process -> automating commit/issue/PR creation,https://github.com/getsentry/sentry/issues/70691
275,679aa2eae0d6d6d267a04c58,issue,process -> automating commit/issue/PR creation,https://github.com/getsentry/sentry/issues/70692
276,679aa2eae0d6d6d267a04c5b,issue,process -> automating commit/issue/PR creation,https://github.com/getsentry/sentry/issues/70696
277,679aa2eae0d6d6d267a04c5c,issue,process -> automating commit/issue/PR creation,https://github.com/getsentry/sentry/issues/70699
278,679aa2eae0d6d6d267a04c5e,issue,process -> automating commit/issue/PR creation,https://github.com/getsentry/sentry/issues/70702
279,679aa2eae0d6d6d267a04c60,issue,process -> automating commit/issue/PR creation,https://github.com/getsentry/sentry/issues/70705
280,679aa385e0d6d6d267a04e0e,issue,process -> automating commit/issue/PR creation,https://github.com/sentry-demos/empower/issues/515
281,679aa385e0d6d6d267a04e11,issue,process -> automating commit/issue/PR creation,https://github.com/sentry-demos/empower/issues/517
282,679aa385e0d6d6d267a04e12,issue,process -> automating commit/issue/PR creation,https://github.com/sentry-demos/empower/issues/518
283,679aa385e0d6d6d267a04e17,issue,process -> automating commit/issue/PR creation,https://github.com/sentry-demos/empower/issues/520
284,679abddde0d6d6d267a06f48,issue,process -> automating commit/issue/PR creation,https://github.com/HitaloM/PyKorone/issues/279
285,679ac0a7e0d6d6d267a077d0,issue,process -> automating commit/issue/PR creation,https://github.com/HitaloM/PyKorone/issues/285
179,679acd96dde7f79e9cc6aecb,pull-request,disclaimer -> developers declare they did not use ai,https://github.com/KatsuteDev/Background/pull/185
180,679acec8dde7f79e9cc6b334,pull-request,disclaimer -> developers declare they did not use ai,https://github.com/KatsuteDev/OneMTA/pull/156
181,679ae9bcdde7f79e9cc6d75e,pull-request,software quality -> testing -> generating tests,https://github.com/runk/node-maxmind/pull/736
182,679aea98dde7f79e9cc6d7c8,pull-request,software quality -> testing -> generating tests,https://github.com/velut/query-registry/pull/343
183,679aec23dde7f79e9cc6dfe4,pull-request,software quality -> refactoring,https://github.com/gitextensions/gitextensions/pull/11268
184,679af91adde7f79e9cc6f01e,pull-request,software quality -> testing -> generating tests,https://github.com/graphql-hive/console/pull/3284
185,679af9d6dde7f79e9cc6f15f,pull-request,disclaimer -> developers declare they did not use ai,https://github.com/KatsuteDev/OneMTA/pull/174
186,679afa6ddde7f79e9cc6f301,pull-request,disclaimer -> developers declare they did not use ai,https://github.com/KatsuteDev/OneMTA/pull/176
187,679b089edde7f79e9cc70791,pull-request,"process -> automating commit/issue/PR creation,software quality -> testing -> generating tests",https://github.com/mdn/browser-compat-data/pull/21555
188,679b089edde7f79e9cc708cc,pull-request,feature implementation/enhancement -> feature enhancement -> user experience -> internationalization support,https://github.com/coveo/ui-kit/pull/3480
189,679b1294dde7f79e9cc70b07,pull-request,feature implementation/enhancement -> feature enhancement,https://github.com/karrioapi/karrio/pull/463
190,679b13f7dde7f79e9cc711da,pull-request,feature implementation/enhancement,https://github.com/dynamiqs/dynamiqs/pull/403
191,679b1669dde7f79e9cc71945,pull-request,software quality -> testing -> generating tests,https://github.com/github/evergreen/pull/36
192,679b1669dde7f79e9cc71b12,pull-request,feature implementation/enhancement -> feature enhancement -> upgrade to latest version of a library,https://github.com/idurar/idurar-erp-crm/pull/943
193,679b20d8dde7f79e9cc72056,pull-request,software quality -> testing -> generating tests,https://github.com/newrelic/newrelic-dotnet-agent/pull/2262
194,679b20d8dde7f79e9cc72068,pull-request,process -> automating commit/issue/PR creation -> creating commit/issue/PR description,https://github.com/Azure/azure-sdk-for-cpp/pull/5374
195,679b2268dde7f79e9cc7240f,pull-request,feature implementation/enhancement -> feature enhancement -> user experience -> gui-related improvements,https://github.com/lostintangent/codeswing/pull/90
196,679b2268dde7f79e9cc7260f,pull-request,process -> automating commit/issue/PR creation -> creating commit/issue/PR description,https://github.com/apollographql/apollo-ios-dev/pull/297
197,679b2268dde7f79e9cc72665,pull-request,process -> automating commit/issue/PR creation -> creating commit/issue/PR description,https://github.com/apollographql/apollo-ios-dev/pull/298
198,679b2360dde7f79e9cc727a8,pull-request,"collaborative development -> copilot workspace,software quality -> testing -> generating tests",https://github.com/primer/primitives/pull/838
199,679b2360dde7f79e9cc72924,pull-request,documentation,https://github.com/apache/spark/pull/45623
200,679b2431dde7f79e9cc72c0a,pull-request,process -> automating commit/issue/PR creation -> creating commit/issue/PR description,https://github.com/liruifengv/astro-cn.com/pull/34
201,679b2431dde7f79e9cc72cb1,pull-request,software quality -> refactoring,https://github.com/sabertazimi/blog/pull/1239
202,679b2e2cdde7f79e9cc730f3,pull-request,feature implementation/enhancement -> feature enhancement,https://github.com/seed-labs/seed-emulator/pull/212
203,679b305fdde7f79e9cc739d0,pull-request,process -> automating commit/issue/PR creation -> creating commit/issue/PR description,https://github.com/microsoft/PR-Metrics/pull/496
204,679b30f0dde7f79e9cc73a7a,pull-request,documentation -> generating api specification,https://github.com/All-Hands-AI/OpenHands/pull/1821
205,679b317cdde7f79e9cc73ce3,pull-request,software quality -> testing,https://github.com/microsoft/vscode/pull/213258
206,679b317cdde7f79e9cc73d20,pull-request,documentation -> generating api specification,https://github.com/happyleavesaoc/python-snapcast/pull/69
207,679b3211dde7f79e9cc73e82,pull-request,software quality -> testing -> generating tests,https://github.com/moonbitlang/core/pull/453
208,679b3211dde7f79e9cc73e84,pull-request,software quality -> testing -> generating tests,https://github.com/moonbitlang/core/pull/454
209,679b3211dde7f79e9cc74021,pull-request,feature implementation/enhancement -> feature enhancement -> upgrade to latest version of a library,https://github.com/nf-core/tools/pull/3014
210,679b3299dde7f79e9cc74178,pull-request,software quality -> refactoring,https://github.com/OpenRIAServices/OpenRiaServices/pull/508
211,679b3c89dde7f79e9cc743e5,pull-request,documentation -> generating code comments,https://github.com/rust-bitcoin/rust-bitcoin/pull/2865
212,679b3d82dde7f79e9cc74687,pull-request,feature implementation/enhancement -> feature enhancement,https://github.com/Myrkie/BoothDownloader/pull/17
213,679b3d82dde7f79e9cc748f2,pull-request,development environment -> continuous integration -> implementing/fixing jobs/actions,https://github.com/nvaccess/nvda/pull/16779
214,679b3f75dde7f79e9cc74ea2,pull-request,process -> automating commit/issue/PR creation -> creating commit/issue/PR description,https://github.com/sile/efmt/pull/99
215,679b3f75dde7f79e9cc74ee9,pull-request,process -> automating commit/issue/PR creation -> creating commit/issue/PR description,https://github.com/sile/efmt/pull/100
216,679b3f75dde7f79e9cc75020,pull-request,"documentation -> generating api specification,documentation -> improving writing",https://github.com/dnv-opensource/mlfmu/pull/52
217,679b400fdde7f79e9cc75178,pull-request,process -> automating commit/issue/PR creation -> creating commit/issue/PR description,https://github.com/nabekou29/js-i18n.nvim/pull/15
218,679b400fdde7f79e9cc7525e,pull-request,process -> automating commit/issue/PR creation -> creating commit/issue/PR description,https://github.com/sile/efmt/pull/102
219,679b400fdde7f79e9cc752a7,pull-request,process -> automating commit/issue/PR creation -> creating commit/issue/PR description,https://github.com/microsoft/vs-mef/pull/508
220,679b4090dde7f79e9cc7552b,pull-request,documentation -> generating code comments,https://github.com/merenlab/anvio/pull/2326
221,679b4b2ddde7f79e9cc75b0e,pull-request,documentation -> generating code comments,https://github.com/pyiron/pyiron_workflow/pull/436
222,679b4b2ddde7f79e9cc75b47,pull-request,documentation -> generating api specification,https://github.com/pyiron/pysqa/pull/324
223,679b4b2ddde7f79e9cc75b60,pull-request,process -> automating commit/issue/PR creation -> creating commit/issue/PR description,https://github.com/cline/cline/pull/178
224,679b4c64dde7f79e9cc75fde,pull-request,feature implementation/enhancement -> feature enhancement,https://github.com/StoDevX/AAO-React-Native/pull/7215
225,679b4cf7dde7f79e9cc7613b,pull-request,documentation -> document architecture,https://github.com/kamranahmedse/developer-roadmap/pull/7082
226,679b587adde7f79e9cc76c6c,pull-request,process -> automating commit/issue/PR creation -> creating commit/issue/PR description,https://github.com/fedimint/fedimint-web-sdk/pull/51
227,679b6a0cdde7f79e9cc78d57,pull-request,documentation -> generating user guide,https://github.com/owid/owid-grapher/pull/4122
228,679b6a0cdde7f79e9cc78dd9,pull-request,"collaborative development -> copilot workspace,feature implementation/enhancement -> implementing a new feature",https://github.com/maxmilton/new-tab/pull/2193
229,679b74d8dde7f79e9cc7918c,pull-request,process -> automating commit/issue/PR creation -> creating commit/issue/PR description,https://github.com/nabekou29/js-i18n.nvim/pull/41
230,679b77c1dde7f79e9cc79e1a,pull-request,process -> automating commit/issue/PR creation -> creating commit/issue/PR description,https://github.com/basementdevs/kadeck/pull/10
231,679b8431dde7f79e9cc7aaec,pull-request,process -> automating commit/issue/PR creation -> creating commit/issue/PR description,https://github.com/Azure/azureml-assets/pull/3644
232,679b8538dde7f79e9cc7b0c1,pull-request,process -> automating commit/issue/PR creation -> creating commit/issue/PR description,https://github.com/Arhosseini77/SUM/pull/3
233,679b922cdde7f79e9cc7be35,pull-request,process -> automating commit/issue/PR creation -> creating commit/issue/PR description,https://github.com/fs-feup/autonomous-systems/pull/373
234,679b922cdde7f79e9cc7beee,pull-request,process -> automating commit/issue/PR creation -> creating commit/issue/PR description,https://github.com/web-infra-dev/rspack/pull/8740
235,679b922cdde7f79e9cc7bf06,pull-request,software quality -> testing -> generating tests,https://github.com/tjarkvandemerwe/tidyprompt/pull/71
236,679b93c8dde7f79e9cc7c462,pull-request,process -> automating commit/issue/PR creation -> creating commit/issue/PR description,https://github.com/NikitosKey/alcounting_bot/pull/5
237,679b94b7dde7f79e9cc7c689,pull-request,documentation -> generating code comments,https://github.com/NikitosKey/alcounting_bot/pull/8
238,679b95b8dde7f79e9cc7cb6a,pull-request,process -> automating commit/issue/PR creation -> creating commit/issue/PR description,https://github.com/web-infra-dev/rspack/pull/8847
239,679b95b8dde7f79e9cc7cb7c,pull-request,process -> automating commit/issue/PR creation -> creating commit/issue/PR description,https://github.com/VisActor/VStory/pull/194
240,679b9fe5dde7f79e9cc7d0a7,pull-request,process -> automating commit/issue/PR creation -> creating commit/issue/PR description,https://github.com/web-infra-dev/rspack/pull/8884
241,679ba072dde7f79e9cc7d3b1,pull-request,process -> automating commit/issue/PR creation -> creating commit/issue/PR description,https://github.com/BornToBeRoot/NETworkManager/pull/2976
242,679ba116dde7f79e9cc7d665,pull-request,software quality -> refactoring,https://github.com/scoutapp/scout_apm_python/pull/803
243,679ba22bdde7f79e9cc7d96b,pull-request,"feature implementation/enhancement -> feature enhancement -> user experience -> gui-related improvements,feature implementation/enhancement -> prototyping -> implementing proof of concept,process -> automating commit/issue/PR creation -> creating commit/issue/PR description",https://github.com/appatalks/chatgpt-html/pull/77
244,679ba30ddde7f79e9cc7dd45,pull-request,feature implementation/enhancement -> implementing a new feature,https://github.com/championswimmer/localise.travel/pull/21
245,679bad8adde7f79e9cc7e2ac,pull-request,learning -> program comprehension,https://github.com/ChenglongMa/zoplicate/pull/138
246,679baeacdde7f79e9cc7e649,pull-request,process -> automating commit/issue/PR creation -> creating commit/issue/PR description,https://github.com/AbacatePay/abacatepay-python-sdk/pull/16
247,679baf97dde7f79e9cc7eb81,pull-request,development environment -> continuous integration -> implementing/fixing jobs/actions,https://github.com/nf-core/tools/pull/3399
248,679baf97dde7f79e9cc7ebc8,pull-request,process -> automating commit/issue/PR creation -> creating commit/issue/PR description,https://github.com/argonne-lcf/Megatron-DeepSpeed/pull/74
249,679bb061dde7f79e9cc7ee0c,pull-request,process -> automating commit/issue/PR creation -> creating commit/issue/PR description,https://github.com/Xiangyu-Hu/SPHinXsys/pull/724
250,679bb101dde7f79e9cc7f158,pull-request,process -> automating commit/issue/PR creation -> creating commit/issue/PR description,https://github.com/saforem2/ezpz/pull/25
251,679bbb45dde7f79e9cc7f49a,pull-request,documentation,https://github.com/letsbuilda/imsosorry/pull/98
252,679bbb45dde7f79e9cc7f520,pull-request,software quality -> testing -> generating tests,https://github.com/shopware/meteor/pull/464
253,679bbb45dde7f79e9cc7f61f,pull-request,software quality -> refactoring,https://github.com/rollingrock/Fallout-4-VR-Body/pull/62
254,679bbca0dde7f79e9cc7f9a0,pull-request,"development environment -> continuous integration -> generating/updating docker container,development environment -> continuous integration -> implementing/fixing jobs/actions",https://github.com/moritzheiber/ruby-jemalloc-docker/pull/21
255,679bbd24dde7f79e9cc7fcbd,pull-request,process -> automating commit/issue/PR creation -> creating commit/issue/PR description,https://github.com/CPJKU/beat_this/pull/8
256,679bbd9cdde7f79e9cc7ffae,pull-request,software quality -> refactoring,https://github.com/jonathanpeppers/dotnes/pull/66
257,679bbe27dde7f79e9cc80108,pull-request,feature implementation/enhancement -> feature enhancement,https://github.com/AzureAD/microsoft-identity-abstractions-for-dotnet/pull/156
258,67a693f65fbfd2a13bb882d0,pull-request,feature implementation/enhancement -> feature enhancement -> upgrade to latest version of a library,https://github.com/AzureAD/microsoft-identity-web/pull/3225